           Mode#,   Frequency(Hz),              T1,              T2,              T3,              R1,              R2,              R3,
               1,            44.5,            39.5,             0.3,             0.0,             0.1,            40.1,            27.7,
               2,            50.3,             0.1,            37.4,             3.2,             6.8,             2.0,            10.8,
               3,            79.1,             0.0,             0.7,             2.7,             1.7,             0.7,             0.8,
               4,            82.1,             0.0,             1.6,             9.2,             5.8,             2.5,             0.0,
               5,            88.0,             0.0,             1.5,            19.3,            13.2,             9.7,             0.4,
               6,            98.3,             0.0,             0.9,             0.1,             0.0,             0.2,             0.0,
               7,           110.2,             0.9,             2.7,             0.2,             0.1,             0.0,             0.3,
               8,           116.3,             0.1,            11.6,            28.4,            43.2,            12.4,             1.6,
               9,           130.5,            19.0,             1.1,             1.7,             0.1,             0.0,             2.8,
              10,           139.6,             6.3,             0.5,             1.8,             0.1,             0.6,            14.9,
              11,           172.5,             0.5,            31.6,             4.0,            11.2,             8.6,             0.8,
              12,           191.5,            17.0,             0.4,             4.4,             0.2,             0.0,            16.6,
              13,           220.7,             0.1,             0.6,             1.7,             1.7,             1.5,             1.4,
              14,           223.1,             0.0,             0.0,             0.0,             0.0,             0.0,             0.0,
              15,           225.1,             0.4,             0.1,             0.7,             0.1,             0.0,             0.3,
              16,           227.3,             0.9,             0.5,             1.5,             0.1,             0.1,             0.0,
              17,           233.1,             0.3,             0.2,             0.0,             0.1,             0.2,             0.1,
              18,           235.2,             1.1,             0.0,             2.1,             0.5,             0.1,             0.4,
              19,           239.7,             2.7,             0.2,             0.1,             0.0,             0.5,             1.7,
              20,           246.1,             0.6,             0.0,             0.3,             0.0,             0.1,             0.4,
              21,           252.5,             0.2,             0.1,             0.0,             0.0,             0.0,             1.0,
              22,           253.8,             0.1,             0.0,             0.0,             0.0,             0.0,             0.1,
              23,           255.8,             0.0,             0.0,             0.0,             0.0,             0.1,             0.0,
              24,           272.0,             0.3,             1.5,             2.7,             1.4,             1.0,             0.9,
              25,           284.6,             0.1,             0.6,             1.2,             0.7,             0.6,             0.6,
              26,           297.0,             0.0,             0.2,             0.1,             0.1,             0.2,             0.3,
              27,           298.9,             0.1,             1.6,             0.5,             0.5,             1.4,             5.0,
              28,           303.0,             0.1,             0.3,             0.0,             0.1,             0.3,             1.9,
              29,           306.6,             0.0,             0.0,             0.0,             0.0,             0.0,             0.0,
              30,           312.4,             0.0,             0.1,             0.2,             0.1,             0.1,             0.1,
              31,           313.2,             0.0,             0.0,             0.0,             0.0,             0.0,             0.0,
              32,           326.1,             0.0,             0.0,             0.0,             0.0,             0.0,             0.0,
              33,           329.5,             0.1,             0.0,             0.0,             0.0,             0.0,             0.0,
              34,           332.7,             0.1,             0.0,             0.0,             0.1,             0.5,             0.1,
              35,           334.7,             1.2,             0.1,             0.1,             0.0,             0.1,             0.5,
              36,           357.9,             1.5,             0.8,             0.6,             0.8,             1.3,             0.5,
              37,           362.7,             0.1,             0.6,             0.2,             0.6,             0.7,             0.1,
              38,           377.5,             1.2,             0.0,             0.3,             0.1,             0.6,             0.8,
              39,           397.8,             0.0,             0.0,             0.0,             0.0,             0.0,             0.0,
              40,           398.5,             0.0,             0.0,             0.0,             0.0,             0.0,             0.0,
              41,           400.6,             0.7,             0.1,             0.4,             0.3,             0.7,             0.4,
              42,           426.6,             0.2,             0.1,             0.1,             0.0,             0.9,             0.1,
              43,           431.1,             0.0,             0.0,             0.0,             0.0,             0.0,             0.0,
              44,           431.5,             0.0,             0.0,             0.0,             0.0,             0.0,             0.0,
              45,           434.5,             0.0,             0.1,             0.1,             0.0,             0.9,             0.3,
              46,           443.5,             0.0,             0.0,             0.0,             0.0,             0.0,             0.0,
              47,           457.0,             0.0,             0.0,             0.0,             0.0,             0.0,             0.0,
              48,           464.7,             0.2,             0.0,             0.7,             0.6,             0.0,             0.1,
              49,           486.6,             0.2,             0.0,             0.4,             0.8,             0.1,             0.0,
              50,           491.5,             0.1,             0.0,             0.2,             0.2,             0.0,             0.0,
              51,           498.2,             0.1,             0.0,             0.0,             0.0,             0.0,             0.0,
              52,           498.3,             0.0,             0.0,             0.0,             0.0,             0.0,             0.0,
              53,           508.6,             0.1,             0.0,             0.4,             0.5,             0.0,             0.0,
              54,           510.0,             0.0,             0.0,             0.0,             0.0,             0.0,             0.0,
              55,           518.9,             0.1,             0.0,             0.0,             0.0,             0.0,             0.1,
              56,           529.1,             0.1,             0.0,             0.1,             0.3,             0.1,             0.4,
              57,           533.8,             0.0,             0.0,             0.0,             0.0,             0.0,             0.0,
              58,           544.7,             0.6,             0.0,             0.0,             0.1,             0.7,             0.0,
              59,           552.8,             0.0,             0.0,             0.0,             0.0,             0.0,             0.0,
              60,           552.8,             0.0,             0.0,             0.0,             0.0,             0.0,             0.0,
              61,           558.1,             0.0,             0.0,             0.0,             0.0,             0.0,             0.0,
              62,           563.9,             0.1,             0.0,             0.1,             0.1,             0.0,             0.2,
              63,           569.3,             0.0,             0.0,             0.1,             0.0,             0.0,             0.0,
              64,           574.0,             0.0,             0.0,             0.1,             0.0,             0.1,             0.0,
              65,           579.5,             0.1,             0.0,             0.0,             0.1,             0.3,             0.1,
              66,           583.0,             0.0,             0.0,             0.0,             0.0,             0.3,             0.0,
              67,           595.8,             0.1,             0.0,             0.2,             0.1,             0.3,             0.0,
              68,           602.8,             0.0,             0.0,             0.1,             0.0,             0.1,             0.0,
              69,           611.9,             0.1,             0.0,             0.0,             0.2,             0.0,             0.1,
              70,           620.7,             0.0,             0.0,             0.0,             0.0,             0.0,             0.0,
              71,           626.0,             0.0,             0.0,             0.1,             0.0,             0.5,             0.4,
              72,           630.1,             0.0,             0.0,             0.1,             0.1,             0.2,             0.0,
              73,           637.6,             0.0,             0.0,             0.0,             0.0,             0.1,             0.0,
              74,           646.0,             0.0,             0.0,             0.2,             0.1,             0.0,             0.0,
              75,           648.0,             0.0,             0.0,             0.1,             0.1,             0.0,             0.1,
              76,           655.3,             0.0,             0.0,             0.0,             0.1,             0.1,             0.0,
              77,           661.7,             0.0,             0.0,             0.1,             0.3,             0.0,             0.0,
              78,           664.7,             0.0,             0.0,             0.0,             0.0,             0.0,             0.0,
              79,           666.0,             0.0,             0.0,             0.1,             0.3,             0.1,             0.1,
              80,           673.4,             0.0,             0.0,             0.0,             0.1,             0.1,             0.4,
              81,           677.0,             0.0,             0.0,             0.1,             0.5,             0.0,             0.0,
              82,           681.2,             0.0,             0.0,             0.2,             0.0,             0.1,             0.1,
              83,           684.0,             0.0,             0.0,             0.0,             0.0,             0.0,             0.0,
              84,           687.3,             0.0,             0.0,             0.5,             0.0,             0.8,             0.0,
              85,           696.4,             0.0,             0.0,             0.1,             0.0,             0.1,             0.3,
              86,           705.5,             0.0,             0.0,             0.0,             0.0,             0.1,             0.0,
              87,           713.7,             0.0,             0.0,             0.3,             0.0,             0.3,             0.0,
              88,           719.9,             0.0,             0.0,             0.0,             0.0,             0.0,             0.0,
              89,           723.5,             0.0,             0.0,             0.0,             0.0,             0.0,             0.0,
              90,           726.8,             0.0,             0.0,             0.0,             0.1,             0.0,             0.0,
              91,           735.0,             0.0,             0.0,             0.1,             0.1,             0.0,             0.0,
              92,           737.7,             0.0,             0.0,             0.0,             0.0,             0.0,             0.0,
              93,           744.2,             0.0,             0.0,             0.0,             0.0,             0.1,             0.0,
              94,           752.4,             0.0,             0.0,             0.0,             0.0,             0.0,             0.0,
              95,           753.8,             0.0,             0.0,             0.0,             0.0,             0.1,             0.0,
              96,           759.4,             0.0,             0.0,             0.1,             0.0,             0.1,             0.0,
              97,           762.4,             0.0,             0.0,             0.0,             0.0,             0.0,             0.0,
              98,           762.5,             0.0,             0.0,             0.0,             0.0,             0.0,             0.0,
              99,           766.1,             0.0,             0.0,             0.1,             0.0,             0.0,             0.0,
             100,           769.3,             0.0,             0.0,             0.0,             0.1,             0.0,             0.0,
             101,           771.5,             0.0,             0.0,             0.0,             0.0,             0.0,             0.0,
             102,           786.1,             0.0,             0.0,             0.1,             0.3,             0.1,             0.0,
             103,           793.7,             0.0,             0.0,             0.1,             0.1,             0.0,             0.0,
             104,           800.0,             0.0,             0.1,             0.2,             0.2,             0.1,             0.0,
             105,           808.9,             0.0,             0.0,             0.0,             0.0,             0.0,             0.0,
             106,           812.4,             0.0,             0.0,             0.1,             0.0,             0.0,             0.0,
             107,           819.9,             0.0,             0.0,             0.0,             0.0,             0.0,             0.0,
             108,           823.2,             0.0,             0.0,             0.4,             0.1,             0.5,             0.0,
             109,           833.6,             0.0,             0.0,             0.1,             0.0,             0.0,             0.0,
             110,           837.5,             0.0,             0.0,             0.0,             0.0,             0.1,             0.0,
             111,           839.2,             0.0,             0.1,             1.0,             0.1,             0.0,             0.2,
             112,           846.4,             0.0,             0.0,             0.0,             0.0,             0.0,             0.0,
             113,           852.6,             0.0,             0.1,             0.4,             0.0,             0.0,             0.0,
             114,           854.6,             0.0,             0.0,             0.0,             0.0,             0.0,             0.0,
             115,           857.2,             0.0,             0.1,             0.0,             0.2,             0.0,             0.0,
             116,           877.5,             0.3,             0.1,             1.4,             0.2,             1.2,             0.4,
             117,           880.3,             0.1,             0.0,             0.1,             0.0,             0.1,             0.1,
             118,           881.8,             0.0,             0.0,             0.0,             0.0,             0.0,             0.0,
             119,           891.6,             0.0,             0.0,             0.1,             0.0,             0.1,             0.0,
             120,           893.1,             0.0,             0.0,             0.0,             0.0,             0.0,             0.0,
             121,           896.9,             0.0,             0.0,             0.0,             0.0,             0.0,             0.0,
             122,           901.4,             0.0,             0.0,             0.0,             0.0,             0.0,             0.0,
             123,           904.9,             0.0,             0.0,             0.0,             0.0,             0.0,             0.1,
             124,           912.6,             0.0,             0.0,             0.0,             0.0,             0.0,             0.0,
             125,           916.3,             0.1,             0.0,             0.0,             0.0,             0.4,             0.2,
             126,           919.3,             0.0,             0.0,             0.0,             0.0,             0.0,             0.0,
             127,           920.3,             0.0,             0.0,             0.1,             0.0,             0.0,             0.0,
             128,           925.0,             0.0,             0.0,             0.0,             0.0,             0.0,             0.0,
             129,           932.3,             0.0,             0.1,             0.0,             0.0,             0.1,             0.0,
             130,           938.6,             0.0,             0.0,             0.2,             0.1,             0.2,             0.1,
             131,           941.5,             0.0,             0.0,             0.1,             0.1,             0.3,             0.0,
             132,           946.3,             0.0,             0.0,             0.0,             0.1,             0.0,             0.0,
             133,           956.7,             0.0,             0.0,             0.0,             0.0,             0.0,             0.0,
             134,           958.7,             0.0,             0.0,             0.0,             0.0,             0.2,             0.0,
             135,           963.8,             0.0,             0.0,             0.0,             0.0,             0.0,             0.0,
             136,           972.0,             0.0,             0.0,             0.0,             0.0,             0.0,             0.0,
             137,           974.9,             0.0,             0.0,             0.0,             0.0,             0.0,             0.0,
             138,           979.6,             0.0,             0.0,             0.0,             0.0,             0.1,             0.0,
             139,           981.4,             0.0,             0.0,             0.0,             0.0,             0.0,             0.0,
             140,           996.5,             0.0,             0.0,             0.0,             0.0,             0.0,             0.0,
             141,           999.1,             0.0,             0.0,             0.0,             0.0,             0.1,             0.0,
             142,          1003.0,             0.0,             0.0,             0.0,             0.0,             0.0,             0.0,
             143,          1008.8,             0.0,             0.0,             0.0,             0.0,             0.0,             0.0,
             144,          1012.0,             0.0,             0.0,             0.0,             0.0,             0.0,             0.0,
             145,          1013.6,             0.0,             0.0,             0.0,             0.0,             0.0,             0.0,
             146,          1015.0,             0.0,             0.0,             0.0,             0.0,             0.0,             0.0,
             147,          1022.9,             0.0,             0.0,             0.0,             0.0,             0.0,             0.0,
             148,          1024.6,             0.0,             0.0,             0.0,             0.0,             0.0,             0.0,
             149,          1025.1,             0.0,             0.0,             0.0,             0.0,             0.0,             0.0,
             150,          1026.0,             0.0,             0.0,             0.0,             0.0,             0.0,             0.0,
             151,          1026.4,             0.0,             0.0,             0.0,             0.0,             0.0,             0.0,
             152,          1032.2,             0.0,             0.0,             0.0,             0.0,             0.1,             0.0,
             153,          1036.3,             0.0,             0.0,             0.0,             0.0,             0.3,             0.0,
             154,          1039.0,             0.0,             0.0,             0.0,             0.0,             0.1,             0.0,
             155,          1043.2,             0.0,             0.0,             0.0,             0.0,             0.1,             0.0,
             156,          1049.4,             0.0,             0.0,             0.0,             0.0,             0.0,             0.0,
             157,          1053.9,             0.0,             0.0,             0.0,             0.0,             0.0,             0.0,
             158,          1054.9,             0.0,             0.0,             0.0,             0.0,             0.0,             0.0,
             159,          1056.4,             0.0,             0.0,             0.0,             0.0,             0.0,             0.0,
             160,          1061.1,             0.0,             0.0,             0.0,             0.0,             0.0,             0.0,
             161,          1061.2,             0.0,             0.0,             0.0,             0.0,             0.0,             0.0,
             162,          1062.8,             0.0,             0.0,             0.0,             0.0,             0.0,             0.0,
             163,          1062.8,             0.0,             0.0,             0.0,             0.0,             0.0,             0.0,
             164,          1065.3,             0.0,             0.0,             0.0,             0.0,             0.0,             0.0,
             165,          1076.1,             0.0,             0.0,             0.0,             0.0,             0.0,             0.0,
             166,          1089.9,             0.0,             0.0,             0.0,             0.0,             0.0,             0.0,
             167,          1091.9,             0.0,             0.0,             0.0,             0.0,             0.0,             0.0,
             168,          1092.4,             0.0,             0.0,             0.0,             0.0,             0.0,             0.1,
             169,          1100.6,             0.0,             0.0,             0.0,             0.0,             0.0,             0.0,
             170,          1103.0,             0.0,             0.0,             0.0,             0.0,             0.0,             0.0,
             171,          1104.1,             0.0,             0.0,             0.0,             0.0,             0.0,             0.0,
             172,          1108.1,             0.0,             0.0,             0.0,             0.0,             0.0,             0.0,
             173,          1115.0,             0.0,             0.0,             0.0,             0.0,             0.0,             0.0,
             174,          1119.4,             0.0,             0.0,             0.0,             0.0,             0.0,             0.0,
             175,          1120.5,             0.0,             0.0,             0.0,             0.0,             0.0,             0.0,
             176,          1126.7,             0.0,             0.0,             0.0,             0.0,             0.0,             0.0,
             177,          1128.9,             0.0,             0.0,             0.1,             0.1,             0.0,             0.0,
             178,          1134.7,             0.0,             0.0,             0.0,             0.0,             0.0,             0.0,
             179,          1145.3,             0.0,             0.0,             0.0,             0.0,             0.0,             0.0,
             180,          1146.8,             0.0,             0.0,             0.0,             0.0,             0.0,             0.0,
             181,          1147.3,             0.0,             0.0,             0.0,             0.0,             0.0,             0.0,
             182,          1157.6,             0.1,             0.0,             0.0,             0.0,             0.0,             0.0,
             183,          1163.7,             0.0,             0.0,             0.0,             0.0,             0.0,             0.0,
             184,          1164.1,             0.0,             0.0,             0.0,             0.0,             0.0,             0.0,
             185,          1176.3,             0.0,             0.0,             0.0,             0.0,             0.0,             0.0,
             186,          1183.7,             0.0,             0.0,             0.1,             0.0,             0.0,             0.0,
             187,          1189.1,             0.0,             0.0,             0.1,             0.1,             0.0,             0.0,
             188,          1194.0,             0.0,             0.0,             0.0,             0.0,             0.0,             0.0,
             189,          1200.9,             0.0,             0.0,             0.0,             0.0,             0.0,             0.0,
             190,          1202.8,             0.0,             0.0,             0.0,             0.0,             0.0,             0.0,
             191,          1202.9,             0.0,             0.0,             0.0,             0.0,             0.0,             0.0,
             192,          1203.2,             0.0,             0.0,             0.0,             0.0,             0.0,             0.0,
             193,          1208.6,             0.0,             0.0,             0.0,             0.0,             0.0,             0.0,
             194,          1213.8,             0.0,             0.0,             0.0,             0.0,             0.0,             0.0,
             195,          1220.5,             0.0,             0.0,             0.0,             0.0,             0.0,             0.0,
             196,          1225.0,             0.0,             0.0,             0.0,             0.0,             0.0,             0.0,
             197,          1230.4,             0.0,             0.0,             0.0,             0.0,             0.0,             0.0,
             198,          1236.3,             0.0,             0.0,             0.0,             0.0,             0.0,             0.0,
             199,          1240.7,             0.0,             0.0,             0.0,             0.0,             0.0,             0.0,
             200,          1249.5,             0.0,             0.0,             0.0,             0.0,             0.0,             0.0,
             201,          1255.6,             0.0,             0.0,             0.0,             0.0,             0.0,             0.0,
             202,          1263.1,             0.0,             0.0,             0.0,             0.0,             0.0,             0.0,
             203,          1267.3,             0.0,             0.0,             0.0,             0.0,             0.0,             0.0,
             204,          1268.6,             0.0,             0.0,             0.0,             0.0,             0.0,             0.0,
             205,          1272.4,             0.0,             0.0,             0.0,             0.0,             0.1,             0.0,
             206,          1275.8,             0.0,             0.0,             0.0,             0.0,             0.0,             0.0,
             207,          1279.3,             0.0,             0.0,             0.0,             0.0,             0.0,             0.0,
             208,          1281.2,             0.0,             0.0,             0.0,             0.0,             0.0,             0.0,
             209,          1286.2,             0.0,             0.0,             0.0,             0.0,             0.0,             0.0,
             210,          1288.8,             0.0,             0.0,             0.0,             0.0,             0.0,             0.0,
             211,          1296.9,             0.0,             0.0,             0.1,             0.1,             0.0,             0.0,
             212,          1307.3,             0.0,             0.0,             0.0,             0.0,             0.0,             0.0,
             213,          1312.3,             0.0,             0.0,             0.0,             0.0,             0.0,             0.0,
             214,          1316.8,             0.0,             0.0,             0.0,             0.0,             0.0,             0.0,
             215,          1322.4,             0.0,             0.0,             0.0,             0.0,             0.0,             0.0,
             216,          1324.0,             0.0,             0.0,             0.0,             0.0,             0.0,             0.0,
             217,          1325.2,             0.0,             0.0,             0.0,             0.0,             0.0,             0.0,
             218,          1332.0,             0.0,             0.0,             0.0,             0.0,             0.0,             0.0,
             219,          1334.8,             0.0,             0.0,             0.0,             0.0,             0.0,             0.0,
             220,          1338.1,             0.0,             0.0,             0.0,             0.1,             0.0,             0.0,
             221,          1345.7,             0.0,             0.0,             0.0,             0.0,             0.0,             0.0,
             222,          1345.9,             0.0,             0.0,             0.0,             0.0,             0.0,             0.0,
             223,          1356.6,             0.0,             0.0,             0.0,             0.0,             0.0,             0.0,
             224,          1359.0,             0.0,             0.0,             0.0,             0.1,             0.0,             0.0,
             225,          1362.5,             0.0,             0.0,             0.0,             0.0,             0.0,             0.0,
             226,          1372.3,             0.0,             0.0,             0.0,             0.0,             0.0,             0.0,
             227,          1378.4,             0.0,             0.0,             0.0,             0.0,             0.0,             0.0,
             228,          1386.2,             0.0,             0.0,             0.0,             0.0,             0.0,             0.0,
             229,          1396.2,             0.0,             0.0,             0.0,             0.0,             0.0,             0.0,
             230,          1400.5,             0.0,             0.0,             0.0,             0.0,             0.0,             0.0,
             231,          1402.9,             0.0,             0.0,             0.0,             0.0,             0.0,             0.0,
             232,          1410.1,             0.0,             0.0,             0.0,             0.0,             0.0,             0.0,
             233,          1413.2,             0.0,             0.0,             0.0,             0.0,             0.0,             0.0,
             234,          1419.8,             0.0,             0.0,             0.0,             0.0,             0.0,             0.0,
             235,          1427.8,             0.0,             0.0,             0.0,             0.0,             0.0,             0.0,
             236,          1431.6,             0.1,             0.0,             0.0,             0.0,             0.0,             0.0,
             237,          1433.2,             0.0,             0.0,             0.0,             0.0,             0.0,             0.0,
             238,          1433.5,             0.0,             0.0,             0.0,             0.0,             0.0,             0.0,
             239,          1434.8,             0.0,             0.0,             0.0,             0.0,             0.0,             0.0,
             240,          1439.4,             0.0,             0.0,             0.0,             0.0,             0.0,             0.0,
             241,          1439.9,             0.0,             0.0,             0.0,             0.0,             0.0,             0.0,
             242,          1441.8,             0.0,             0.0,             0.0,             0.0,             0.0,             0.0,
             243,          1442.8,             0.0,             0.0,             0.0,             0.0,             0.0,             0.0,
             244,          1443.3,             0.0,             0.0,             0.0,             0.0,             0.0,             0.0,
             245,          1446.4,             0.0,             0.0,             0.0,             0.0,             0.0,             0.0,
             246,          1447.7,             0.0,             0.0,             0.0,             0.0,             0.0,             0.0,
             247,          1454.0,             0.0,             0.0,             0.0,             0.0,             0.0,             0.0,
             248,          1456.1,             0.0,             0.0,             0.0,             0.0,             0.0,             0.0,
             249,          1457.4,             0.0,             0.0,             0.0,             0.0,             0.0,             0.0,
             250,          1460.6,             0.0,             0.0,             0.0,             0.0,             0.0,             0.0,
             251,          1461.8,             0.0,             0.0,             0.0,             0.0,             0.0,             0.0,
             252,          1468.5,             0.0,             0.0,             0.0,             0.0,             0.0,             0.0,
             253,          1471.8,             0.0,             0.0,             0.0,             0.0,             0.0,             0.0,
             254,          1474.0,             0.0,             0.0,             0.0,             0.0,             0.0,             0.0,
             255,          1481.0,             0.0,             0.0,             0.0,             0.0,             0.0,             0.0,
             256,          1486.1,             0.0,             0.0,             0.0,             0.0,             0.0,             0.0,
             257,          1486.7,             0.0,             0.0,             0.0,             0.0,             0.0,             0.0,
             258,          1492.6,             0.0,             0.0,             0.0,             0.0,             0.0,             0.0,
             259,          1495.4,             0.0,             0.0,             0.0,             0.0,             0.0,             0.0,
             260,          1498.6,             0.0,             0.0,             0.0,             0.0,             0.0,             0.0,
             261,          1501.1,             0.0,             0.0,             0.0,             0.0,             0.0,             0.0,
             262,          1503.6,             0.0,             0.0,             0.0,             0.0,             0.0,             0.0,
             263,          1511.7,             0.0,             0.0,             0.0,             0.1,             0.0,             0.0,
             264,          1518.9,             0.0,             0.0,             0.0,             0.0,             0.0,             0.0,
             265,          1528.5,             0.0,             0.0,             0.0,             0.0,             0.0,             0.0,
             266,          1531.9,             0.0,             0.0,             0.0,             0.0,             0.0,             0.0,
             267,          1532.5,             0.0,             0.0,             0.0,             0.0,             0.0,             0.0,
             268,          1538.8,             0.0,             0.0,             0.1,             0.1,             0.0,             0.0,
             269,          1542.1,             0.0,             0.0,             0.0,             0.0,             0.0,             0.0,
             270,          1544.8,             0.0,             0.0,             0.0,             0.0,             0.0,             0.0,
             271,          1548.7,             0.0,             0.0,             0.0,             0.0,             0.0,             0.0,
             272,          1549.0,             0.0,             0.0,             0.0,             0.0,             0.0,             0.0,
             273,          1553.8,             0.0,             0.0,             0.0,             0.0,             0.0,             0.0,
             274,          1559.6,             0.0,             0.0,             0.0,             0.0,             0.0,             0.0,
             275,          1563.0,             0.0,             0.0,             0.0,             0.0,             0.0,             0.0,
             276,          1567.8,             0.0,             0.0,             0.0,             0.0,             0.0,             0.0,
             277,          1571.3,             0.0,             0.0,             0.0,             0.0,             0.0,             0.0,
             278,          1574.4,             0.0,             0.0,             0.0,             0.0,             0.0,             0.0,
             279,          1583.3,             0.0,             0.0,             0.0,             0.0,             0.0,             0.0,
             280,          1585.9,             0.0,             0.0,             0.0,             0.0,             0.0,             0.0,
             281,          1592.4,             0.0,             0.0,             0.0,             0.0,             0.0,             0.0,
             282,          1598.3,             0.0,             0.0,             0.0,             0.0,             0.0,             0.0,
             283,          1599.3,             0.0,             0.0,             0.0,             0.0,             0.0,             0.0,
             284,          1604.7,             0.0,             0.0,             0.0,             0.0,             0.0,             0.0,
             285,          1613.6,             0.0,             0.0,             0.0,             0.0,             0.0,             0.0,
             286,          1615.5,             0.0,             0.0,             0.0,             0.0,             0.0,             0.0,
             287,          1619.3,             0.0,             0.0,             0.0,             0.0,             0.0,             0.0,
             288,          1625.1,             0.0,             0.0,             0.0,             0.0,             0.0,             0.0,
             289,          1630.2,             0.0,             0.0,             0.0,             0.0,             0.0,             0.0,
             290,          1635.3,             0.0,             0.0,             0.0,             0.0,             0.0,             0.0,
             291,          1636.9,             0.0,             0.0,             0.0,             0.0,             0.0,             0.0,
             292,          1637.6,             0.0,             0.0,             0.0,             0.0,             0.0,             0.0,
             293,          1640.0,             0.0,             0.0,             0.0,             0.0,             0.0,             0.0,
             294,          1642.5,             0.0,             0.0,             0.0,             0.0,             0.0,             0.0,
             295,          1645.3,             0.0,             0.0,             0.0,             0.0,             0.0,             0.0,
             296,          1646.8,             0.0,             0.0,             0.0,             0.0,             0.0,             0.0,
             297,          1647.5,             0.0,             0.0,             0.0,             0.0,             0.0,             0.0,
             298,          1653.0,             0.0,             0.0,             0.0,             0.0,             0.0,             0.0,
             299,          1660.9,             0.0,             0.0,             0.0,             0.0,             0.0,             0.0,
             300,          1666.2,             0.0,             0.0,             0.0,             0.0,             0.0,             0.0,
             301,          1667.6,             0.0,             0.0,             0.0,             0.0,             0.0,             0.0,
             302,          1673.1,             0.0,             0.0,             0.0,             0.0,             0.0,             0.0,
             303,          1676.2,             0.0,             0.0,             0.0,             0.0,             0.0,             0.0,
             304,          1679.6,             0.0,             0.0,             0.0,             0.0,             0.0,             0.0,
             305,          1687.7,             0.0,             0.0,             0.0,             0.0,             0.0,             0.0,
             306,          1693.4,             0.0,             0.0,             0.0,             0.0,             0.0,             0.0,
             307,          1697.8,             0.0,             0.0,             0.0,             0.0,             0.0,             0.0,
             308,          1703.4,             0.0,             0.0,             0.0,             0.0,             0.0,             0.0,
             309,          1705.7,             0.0,             0.0,             0.0,             0.0,             0.0,             0.0,
             310,          1707.3,             0.0,             0.0,             0.0,             0.0,             0.0,             0.0,
             311,          1716.9,             0.0,             0.0,             0.0,             0.0,             0.0,             0.0,
             312,          1727.1,             0.0,             0.0,             0.0,             0.0,             0.0,             0.0,
             313,          1734.9,             0.0,             0.0,             0.0,             0.0,             0.0,             0.0,
             314,          1736.2,             0.0,             0.0,             0.0,             0.0,             0.0,             0.0,
             315,          1739.3,             0.0,             0.0,             0.0,             0.0,             0.0,             0.0,
             316,          1739.3,             0.0,             0.0,             0.0,             0.0,             0.0,             0.0,
             317,          1740.6,             0.0,             0.0,             0.0,             0.0,             0.0,             0.0,
             318,          1744.3,             0.0,             0.0,             0.0,             0.0,             0.0,             0.0,
             319,          1749.7,             0.0,             0.0,             0.0,             0.0,             0.0,             0.0,
             320,          1752.3,             0.0,             0.0,             0.0,             0.0,             0.0,             0.0,
             321,          1757.0,             0.0,             0.0,             0.0,             0.0,             0.0,             0.0,
             322,          1760.3,             0.0,             0.0,             0.0,             0.0,             0.0,             0.0,
             323,          1768.8,             0.0,             0.0,             0.0,             0.0,             0.0,             0.0,
             324,          1770.9,             0.0,             0.0,             0.0,             0.0,             0.0,             0.0,
             325,          1773.2,             0.0,             0.0,             0.0,             0.0,             0.0,             0.0,
             326,          1775.4,             0.0,             0.0,             0.0,             0.0,             0.0,             0.0,
             327,          1776.0,             0.0,             0.0,             0.0,             0.0,             0.0,             0.0,
             328,          1784.8,             0.0,             0.0,             0.0,             0.0,             0.0,             0.0,
             329,          1789.4,             0.0,             0.0,             0.0,             0.0,             0.0,             0.0,
             330,          1793.0,             0.0,             0.0,             0.0,             0.0,             0.0,             0.0,
             331,          1796.1,             0.0,             0.0,             0.0,             0.0,             0.0,             0.0,
             332,          1797.2,             0.0,             0.0,             0.0,             0.0,             0.0,             0.0,
             333,          1802.4,             0.0,             0.0,             0.0,             0.0,             0.0,             0.0,
             334,          1805.5,             0.0,             0.0,             0.0,             0.0,             0.0,             0.0,
             335,          1806.9,             0.0,             0.0,             0.0,             0.0,             0.0,             0.0,
             336,          1807.4,             0.0,             0.0,             0.0,             0.0,             0.0,             0.0,
             337,          1812.7,             0.0,             0.0,             0.0,             0.0,             0.0,             0.0,
             338,          1819.5,             0.0,             0.0,             0.0,             0.0,             0.0,             0.0,
             339,          1823.1,             0.0,             0.0,             0.0,             0.0,             0.0,             0.0,
             340,          1825.5,             0.0,             0.0,             0.0,             0.0,             0.0,             0.0,
             341,          1832.8,             0.0,             0.0,             0.0,             0.0,             0.0,             0.0,
             342,          1834.4,             0.0,             0.0,             0.0,             0.0,             0.0,             0.0,
             343,          1835.8,             0.0,             0.0,             0.0,             0.0,             0.0,             0.0,
             344,          1844.6,             0.0,             0.0,             0.0,             0.0,             0.0,             0.0,
             345,          1845.5,             0.0,             0.0,             0.0,             0.0,             0.0,             0.0,
             346,          1850.2,             0.0,             0.0,             0.0,             0.0,             0.0,             0.0,
             347,          1852.9,             0.0,             0.0,             0.0,             0.0,             0.0,             0.0,
             348,          1853.0,             0.0,             0.0,             0.0,             0.0,             0.0,             0.0,
             349,          1858.7,             0.0,             0.0,             0.0,             0.0,             0.0,             0.0,
             350,          1860.7,             0.0,             0.0,             0.0,             0.0,             0.0,             0.0,
             351,          1862.6,             0.0,             0.0,             0.0,             0.0,             0.0,             0.0,
             352,          1864.0,             0.0,             0.0,             0.0,             0.0,             0.0,             0.0,
             353,          1865.2,             0.0,             0.0,             0.0,             0.0,             0.0,             0.0,
             354,          1865.6,             0.0,             0.0,             0.0,             0.0,             0.0,             0.0,
             355,          1865.8,             0.0,             0.0,             0.0,             0.0,             0.0,             0.0,
             356,          1865.9,             0.0,             0.0,             0.0,             0.0,             0.0,             0.0,
             357,          1874.4,             0.0,             0.0,             0.0,             0.0,             0.0,             0.0,
             358,          1876.8,             0.0,             0.0,             0.0,             0.0,             0.0,             0.0,
             359,          1881.2,             0.0,             0.0,             0.0,             0.0,             0.0,             0.0,
             360,          1882.0,             0.0,             0.0,             0.0,             0.0,             0.0,             0.0,
             361,          1886.0,             0.0,             0.0,             0.0,             0.0,             0.0,             0.0,
             362,          1887.8,             0.0,             0.0,             0.0,             0.0,             0.0,             0.0,
             363,          1894.6,             0.0,             0.0,             0.0,             0.0,             0.0,             0.0,
             364,          1896.4,             0.1,             0.0,             0.0,             0.0,             0.0,             0.1,
             365,          1897.8,             0.0,             0.0,             0.0,             0.0,             0.0,             0.0,
             366,          1897.8,             0.0,             0.0,             0.0,             0.0,             0.0,             0.0,
             367,          1900.4,             0.0,             0.0,             0.0,             0.0,             0.0,             0.0,
             368,          1904.7,             0.0,             0.0,             0.0,             0.0,             0.0,             0.0,
             369,          1910.4,             0.0,             0.0,             0.0,             0.0,             0.0,             0.0,
             370,          1913.0,             0.0,             0.0,             0.0,             0.0,             0.0,             0.0,
             371,          1919.6,             0.0,             0.0,             0.0,             0.0,             0.0,             0.0,
             372,          1922.4,             0.0,             0.0,             0.0,             0.0,             0.0,             0.0,
             373,          1925.4,             0.0,             0.0,             0.0,             0.0,             0.0,             0.0,
             374,          1930.2,             0.0,             0.0,             0.0,             0.0,             0.0,             0.0,
             375,          1931.2,             0.0,             0.0,             0.0,             0.0,             0.0,             0.0,
             376,          1933.0,             0.0,             0.0,             0.0,             0.0,             0.0,             0.0,
             377,          1934.6,             0.0,             0.0,             0.0,             0.0,             0.0,             0.0,
             378,          1936.5,             0.0,             0.0,             0.0,             0.0,             0.0,             0.0,
             379,          1939.2,             0.0,             0.0,             0.0,             0.0,             0.0,             0.0,
             380,          1941.3,             0.0,             0.0,             0.0,             0.0,             0.0,             0.0,
             381,          1943.6,             0.0,             0.0,             0.0,             0.0,             0.0,             0.0,
             382,          1947.4,             0.0,             0.0,             0.0,             0.0,             0.0,             0.0,
             383,          1949.3,             0.0,             0.0,             0.0,             0.0,             0.0,             0.0,
             384,          1950.5,             0.0,             0.0,             0.0,             0.0,             0.0,             0.0,
             385,          1961.0,             0.0,             0.0,             0.0,             0.0,             0.0,             0.0,
             386,          1966.5,             0.0,             0.0,             0.0,             0.0,             0.0,             0.0,
             387,          1970.2,             0.0,             0.0,             0.0,             0.0,             0.0,             0.0,
             388,          1971.5,             0.0,             0.0,             0.0,             0.0,             0.0,             0.0,
             389,          1971.8,             0.0,             0.0,             0.0,             0.0,             0.0,             0.0,
             390,          1974.9,             0.0,             0.0,             0.0,             0.0,             0.0,             0.0,
             391,          1980.0,             0.0,             0.0,             0.0,             0.0,             0.0,             0.0,
             392,          1983.7,             0.0,             0.0,             0.0,             0.0,             0.0,             0.0,
             393,          1988.9,             0.0,             0.0,             0.0,             0.0,             0.0,             0.0,
             394,          1994.8,             0.0,             0.0,             0.0,             0.0,             0.0,             0.0,
             395,          1995.5,             0.0,             0.0,             0.0,             0.0,             0.0,             0.0,
             396,          1997.9,             0.0,             0.0,             0.0,             0.0,             0.0,             0.0,
